number,taxonomy,species
412133,cellular organisms|Eukaryota|Parabasalia|Trichomonadida|Trichomonadidae|Trichomonas|Trichomonas vaginalis,Trichomonas vaginalis
184922,cellular organisms|Eukaryota|Fornicata|Diplomonadida|Hexamitidae|Giardiinae|Giardia|Giardia intestinalis,Giardia intestinalis
294381,cellular organisms|Eukaryota|Amoebozoa|Archamoebae|Entamoebidae|Entamoeba|Entamoeba histolytica,Entamoeba histolytica
370354,cellular organisms|Eukaryota|Amoebozoa|Archamoebae|Entamoebidae|Entamoeba|Entamoeba dispar,Entamoeba dispar
5762,cellular organisms|Eukaryota|Heterolobosea|Schizopyrenida|Vahlkampfiidae|Naegleria,Naegleria
5693,cellular organisms|Eukaryota|Euglenozoa|Kinetoplastida|Trypanosomatidae|Trypanosoma|Schizotrypanum,Schizotrypanum
5691,cellular organisms|Eukaryota|Euglenozoa|Kinetoplastida|Trypanosomatidae|Trypanosoma|Trypanozoon,Trypanozoon
5660,cellular organisms|Eukaryota|Euglenozoa|Kinetoplastida|Trypanosomatidae|Leishmania|Viannia|Leishmania braziliensis,Leishmania braziliensis
347515,cellular organisms|Eukaryota|Euglenozoa|Kinetoplastida|Trypanosomatidae|Leishmania|Leishmania|Leishmania major|Leishmania major,Leishmania major
5671,cellular organisms|Eukaryota|Euglenozoa|Kinetoplastida|Trypanosomatidae|Leishmania|Leishmania|Leishmania donovani,Leishmania donovani
5888,cellular organisms|Eukaryota|Alveolata|Ciliophora|Intramacronucleata|Oligohymenophorea|Peniculida|Parameciidae|Paramecium,Paramecium
5911,cellular organisms|Eukaryota|Alveolata|Ciliophora|Intramacronucleata|Oligohymenophorea|Hymenostomatida|Tetrahymenina|Tetrahymenidae|Tetrahymena,Tetrahymena
353151,cellular organisms|Eukaryota|Alveolata|Apicomplexa|Coccidia|Eucoccidiorida|Eimeriorina|Cryptosporidiidae|Cryptosporidium|Cryptosporidium hominis,Cryptosporidium hominis
353152,cellular organisms|Eukaryota|Alveolata|Apicomplexa|Coccidia|Eucoccidiorida|Eimeriorina|Cryptosporidiidae|Cryptosporidium|Cryptosporidium parvum,Cryptosporidium parvum
507601,cellular organisms|Eukaryota|Alveolata|Apicomplexa|Coccidia|Eucoccidiorida|Eimeriorina|Sarcocystidae|Toxoplasma|Toxoplasma gondii,Toxoplasma gondii
5865,cellular organisms|Eukaryota|Alveolata|Apicomplexa|Aconoidasida|Piroplasmida|Babesiidae|Babesia,Babesia
333668,cellular organisms|Eukaryota|Alveolata|Apicomplexa|Aconoidasida|Piroplasmida|Theileriidae|Theileria|Theileria parva,Theileria parva
5874,cellular organisms|Eukaryota|Alveolata|Apicomplexa|Aconoidasida|Piroplasmida|Theileriidae|Theileria,Theileria
36329,cellular organisms|Eukaryota|Alveolata|Apicomplexa|Aconoidasida|Haemosporida|Plasmodium|Plasmodium _Laverania_|Plasmodium falciparum,Plasmodium falciparum
5855,cellular organisms|Eukaryota|Alveolata|Apicomplexa|Aconoidasida|Haemosporida|Plasmodium|Plasmodium _Plasmodium_,Plasmodium _Plasmodium_
5851,cellular organisms|Eukaryota|Alveolata|Apicomplexa|Aconoidasida|Haemosporida|Plasmodium|Plasmodium _Plasmodium_|Plasmodium knowlesi,Plasmodium knowlesi
31271,cellular organisms|Eukaryota|Alveolata|Apicomplexa|Aconoidasida|Haemosporida|Plasmodium|Plasmodium _Vinckeia_|Plasmodium chabaudi,Plasmodium chabaudi
352914,cellular organisms|Eukaryota|Alveolata|Apicomplexa|Aconoidasida|Haemosporida|Plasmodium|Plasmodium _Vinckeia_|Plasmodium yoelii|Plasmodium yoelii,Plasmodium yoelii
5823,cellular organisms|Eukaryota|Alveolata|Apicomplexa|Aconoidasida|Haemosporida|Plasmodium|Plasmodium _Vinckeia_|Plasmodium berghei,Plasmodium berghei
44056,cellular organisms|Eukaryota|stramenopiles|Pelagophyceae|Aureococcus,Aureococcus
296543,cellular organisms|Eukaryota|stramenopiles|Bacillariophyta|Coscinodiscophyceae|Thalassiosirophycidae|Thalassiosirales|Thalassiosiraceae|Thalassiosira|Thalassiosira pseudonana,Thalassiosira pseudonana
186039,cellular organisms|Eukaryota|stramenopiles|Bacillariophyta|Bacillariophyceae|Bacillariophycidae|Bacillariales|Bacillariaceae|Fragilariopsis,Fragilariopsis
556484,cellular organisms|Eukaryota|stramenopiles|Bacillariophyta|Bacillariophyceae|Bacillariophycidae|Naviculales|Phaeodactylaceae|Phaeodactylum|Phaeodactylum tricornutum,Phaeodactylum tricornutum
4784,cellular organisms|Eukaryota|stramenopiles|Oomycetes|Peronosporales|Phytophthora,Phytophthora
4787,cellular organisms|Eukaryota|stramenopiles|Oomycetes|Peronosporales|Phytophthora,Phytophthora
67593,cellular organisms|Eukaryota|stramenopiles|Oomycetes|Peronosporales|Phytophthora,Phytophthora
164328,cellular organisms|Eukaryota|stramenopiles|Oomycetes|Peronosporales|Phytophthora,Phytophthora
3055,cellular organisms|Eukaryota|Viridiplantae|Chlorophyta|Chlorophyceae|Chlamydomonadales|Chlamydomonadaceae|Chlamydomonas,Chlamydomonas
70448,cellular organisms|Eukaryota|Viridiplantae|Chlorophyta|Prasinophyceae|Mamiellales|Ostreococcus,Ostreococcus
436017,cellular organisms|Eukaryota|Viridiplantae|Chlorophyta|Prasinophyceae|Mamiellales|Ostreococcus|Ostreococcus lucimarinus,Ostreococcus lucimarinus
242159,cellular organisms|Eukaryota|Viridiplantae|Chlorophyta|Prasinophyceae|Mamiellales|Ostreococcus,Ostreococcus
3218,cellular organisms|Eukaryota|Viridiplantae|Streptophyta|Streptophytina|Embryophyta|Bryophyta|Moss Superclass|Bryopsida|Funariidae|Funariales|Funariaceae|Physcomitrella,Physcomitrella
88036,cellular organisms|Eukaryota|Viridiplantae|Streptophyta|Streptophytina|Embryophyta|Tracheophyta|Lycopodiophyta|Isoetopsida|Selaginellales|Selaginellaceae|Selaginella,Selaginella
4558,cellular organisms|Eukaryota|Viridiplantae|Streptophyta|Streptophytina|Embryophyta|Tracheophyta|Euphyllophyta|Spermatophyta|Magnoliophyta|Liliopsida|commelinids|Poales|Poaceae|PACCAD clade|Panicoideae|Andropogoneae|Sorghum,Sorghum
4577,cellular organisms|Eukaryota|Viridiplantae|Streptophyta|Streptophytina|Embryophyta|Tracheophyta|Euphyllophyta|Spermatophyta|Magnoliophyta|Liliopsida|commelinids|Poales|Poaceae|PACCAD clade|Panicoideae|Andropogoneae|Zea,Zea
15368,cellular organisms|Eukaryota|Viridiplantae|Streptophyta|Streptophytina|Embryophyta|Tracheophyta|Euphyllophyta|Spermatophyta|Magnoliophyta|Liliopsida|commelinids|Poales|Poaceae|BEP clade|Pooideae|Brachypodieae|Brachypodium,Brachypodium
39947,cellular organisms|Eukaryota|Viridiplantae|Streptophyta|Streptophytina|Embryophyta|Tracheophyta|Euphyllophyta|Spermatophyta|Magnoliophyta|Liliopsida|commelinids|Poales|Poaceae|BEP clade|Ehrhartoideae|Oryzeae|Oryza|Oryza sativa,Oryza sativa
3702,cellular organisms|Eukaryota|Viridiplantae|Streptophyta|Streptophytina|Embryophyta|Tracheophyta|Euphyllophyta|Spermatophyta|Magnoliophyta|eudicotyledons|core eudicotyledons|rosids|malvids|Brassicales|Brassicaceae|Camelineae|Arabidopsis,Arabidopsis
59689,cellular organisms|Eukaryota|Viridiplantae|Streptophyta|Streptophytina|Embryophyta|Tracheophyta|Euphyllophyta|Spermatophyta|Magnoliophyta|eudicotyledons|core eudicotyledons|rosids|malvids|Brassicales|Brassicaceae|Camelineae|Arabidopsis,Arabidopsis
3847,cellular organisms|Eukaryota|Viridiplantae|Streptophyta|Streptophytina|Embryophyta|Tracheophyta|Euphyllophyta|Spermatophyta|Magnoliophyta|eudicotyledons|core eudicotyledons|rosids|fabids|Fabales|Fabaceae|Papilionoideae|Phaseoleae|Glycine,Glycine
73824,cellular organisms|Eukaryota|Viridiplantae|Streptophyta|Streptophytina|Embryophyta|Tracheophyta|Euphyllophyta|Spermatophyta|Magnoliophyta|eudicotyledons|core eudicotyledons|rosids|fabids|Malpighiales|Salicaceae|Saliceae|Populus,Populus
29760,cellular organisms|Eukaryota|Viridiplantae|Streptophyta|Streptophytina|Embryophyta|Tracheophyta|Euphyllophyta|Spermatophyta|Magnoliophyta|eudicotyledons|core eudicotyledons|rosids|rosids incertae|Vitales|Vitaceae|Vitis,Vitis
5786,cellular organisms|Eukaryota|Amoebozoa|Mycetozoa|Dictyosteliida|Dictyostelium,Dictyostelium
352472,cellular organisms|Eukaryota|Amoebozoa|Mycetozoa|Dictyosteliida|Dictyostelium|Dictyostelium discoideum,Dictyostelium discoideum
192875,cellular organisms|Eukaryota|Fungi/Metazoa group|Fungi/Metazoa incertae|Ichthyosporea|Capsaspora,Capsaspora
81824,cellular organisms|Eukaryota|Fungi/Metazoa group|Choanoflagellida|Codonosigidae|Monosiga,Monosiga
45351,cellular organisms|Eukaryota|Fungi/Metazoa group|Metazoa|Eumetazoa|Cnidaria|Anthozoa|Hexacorallia|Actiniaria|Edwardsiidae|Nematostella,Nematostella
6239,cellular organisms|Eukaryota|Fungi/Metazoa group|Metazoa|Eumetazoa|Bilateria|Pseudocoelomata|Nematoda|Chromadorea|Rhabditida|Rhabditoidea|Rhabditidae|Peloderinae|Caenorhabditis,Caenorhabditis
6238,cellular organisms|Eukaryota|Fungi/Metazoa group|Metazoa|Eumetazoa|Bilateria|Pseudocoelomata|Nematoda|Chromadorea|Rhabditida|Rhabditoidea|Rhabditidae|Peloderinae|Caenorhabditis,Caenorhabditis
6669,cellular organisms|Eukaryota|Fungi/Metazoa group|Metazoa|Eumetazoa|Bilateria|Coelomata|Protostomia|Panarthropoda|Arthropoda|Mandibulata|Pancrustacea|Crustacea|Branchiopoda|Phyllopoda|Diplostraca|Cladocera|Anomopoda|Daphniidae|Daphnia,Daphnia
121225,cellular organisms|Eukaryota|Fungi/Metazoa group|Metazoa|Eumetazoa|Bilateria|Coelomata|Protostomia|Panarthropoda|Arthropoda|Mandibulata|Pancrustacea|Hexapoda|Insecta|Dicondylia|Pterygota|Neoptera|Paraneoptera|Phthiraptera|Anoplura|Pediculidae|Pediculus,Pediculus
7029,cellular organisms|Eukaryota|Fungi/Metazoa group|Metazoa|Eumetazoa|Bilateria|Coelomata|Protostomia|Panarthropoda|Arthropoda|Mandibulata|Pancrustacea|Hexapoda|Insecta|Dicondylia|Pterygota|Neoptera|Paraneoptera|Hemiptera|Sternorrhyncha|Aphidiformes|Aphidomorpha|Aphidoidea|Aphididae|Aphidinae|Macrosiphini|Acyrthosiphon,Acyrthosiphon
7425,cellular organisms|Eukaryota|Fungi/Metazoa group|Metazoa|Eumetazoa|Bilateria|Coelomata|Protostomia|Panarthropoda|Arthropoda|Mandibulata|Pancrustacea|Hexapoda|Insecta|Dicondylia|Pterygota|Neoptera|Endopterygota|Hymenoptera|Apocrita|Chaldicoidea group|Chalcidoidea|Pteromalidae|Pteromalinae|Nasonia,Nasonia
7070,cellular organisms|Eukaryota|Fungi/Metazoa group|Metazoa|Eumetazoa|Bilateria|Coelomata|Protostomia|Panarthropoda|Arthropoda|Mandibulata|Pancrustacea|Hexapoda|Insecta|Dicondylia|Pterygota|Neoptera|Endopterygota|Coleoptera|Polyphaga|Cucujiformia|Tenebrionoidea|Tenebrionidae|Tribolium,Tribolium
7091,cellular organisms|Eukaryota|Fungi/Metazoa group|Metazoa|Eumetazoa|Bilateria|Coelomata|Protostomia|Panarthropoda|Arthropoda|Mandibulata|Pancrustacea|Hexapoda|Insecta|Dicondylia|Pterygota|Neoptera|Endopterygota|Amphiesmenoptera|Lepidoptera|Glossata|Neolepidoptera|Heteroneura|Ditrysia|Obtectomera|Bombycoidea|Bombyciformes|Bombycidae|Bombycinae|Bombyx,Bombyx
180454,cellular organisms|Eukaryota|Fungi/Metazoa group|Metazoa|Eumetazoa|Bilateria|Coelomata|Protostomia|Panarthropoda|Arthropoda|Mandibulata|Pancrustacea|Hexapoda|Insecta|Dicondylia|Pterygota|Neoptera|Endopterygota|Diptera|Nematocera|Culicimorpha|Culicoidea|Culicidae|Anophelinae|Anopheles|Cellia|Pyretophorus|gambiae species|Anopheles gambiae,Anopheles gambiae
7175,cellular organisms|Eukaryota|Fungi/Metazoa group|Metazoa|Eumetazoa|Bilateria|Coelomata|Protostomia|Panarthropoda|Arthropoda|Mandibulata|Pancrustacea|Hexapoda|Insecta|Dicondylia|Pterygota|Neoptera|Endopterygota|Diptera|Nematocera|Culicimorpha|Culicoidea|Culicidae|Culicinae|Culicini|Culex|Culex|Culex pipiens,Culex pipiens
7159,cellular organisms|Eukaryota|Fungi/Metazoa group|Metazoa|Eumetazoa|Bilateria|Coelomata|Protostomia|Panarthropoda|Arthropoda|Mandibulata|Pancrustacea|Hexapoda|Insecta|Dicondylia|Pterygota|Neoptera|Endopterygota|Diptera|Nematocera|Culicimorpha|Culicoidea|Culicidae|Culicinae|Culicini|Aedes/Ochlerotatus group|Aedes|Stegomyia,Stegomyia
7222,cellular organisms|Eukaryota|Fungi/Metazoa group|Metazoa|Eumetazoa|Bilateria|Coelomata|Protostomia|Panarthropoda|Arthropoda|Mandibulata|Pancrustacea|Hexapoda|Insecta|Dicondylia|Pterygota|Neoptera|Endopterygota|Diptera|Brachycera|Muscomorpha|Eremoneura|Cyclorrhapha|Schizophora|Acalyptratae|Ephydroidea|Drosophilidae|Drosophilinae|Drosophilini|Drosophilina|Drosophiliti|Drosophila|Hawaiian Drosophila|picture wing|grimshawi clade|grimshawi group|grimshawi subgroup,grimshawi subgroup
7244,cellular organisms|Eukaryota|Fungi/Metazoa group|Metazoa|Eumetazoa|Bilateria|Coelomata|Protostomia|Panarthropoda|Arthropoda|Mandibulata|Pancrustacea|Hexapoda|Insecta|Dicondylia|Pterygota|Neoptera|Endopterygota|Diptera|Brachycera|Muscomorpha|Eremoneura|Cyclorrhapha|Schizophora|Acalyptratae|Ephydroidea|Drosophilidae|Drosophilinae|Drosophilini|Drosophilina|Drosophiliti|Drosophila|Drosophila|virilis group,virilis group
7230,cellular organisms|Eukaryota|Fungi/Metazoa group|Metazoa|Eumetazoa|Bilateria|Coelomata|Protostomia|Panarthropoda|Arthropoda|Mandibulata|Pancrustacea|Hexapoda|Insecta|Dicondylia|Pterygota|Neoptera|Endopterygota|Diptera|Brachycera|Muscomorpha|Eremoneura|Cyclorrhapha|Schizophora|Acalyptratae|Ephydroidea|Drosophilidae|Drosophilinae|Drosophilini|Drosophilina|Drosophiliti|Drosophila|Drosophila|repleta group|mulleri subgroup|mojavensis species,mojavensis species
7260,cellular organisms|Eukaryota|Fungi/Metazoa group|Metazoa|Eumetazoa|Bilateria|Coelomata|Protostomia|Panarthropoda|Arthropoda|Mandibulata|Pancrustacea|Hexapoda|Insecta|Dicondylia|Pterygota|Neoptera|Endopterygota|Diptera|Brachycera|Muscomorpha|Eremoneura|Cyclorrhapha|Schizophora|Acalyptratae|Ephydroidea|Drosophilidae|Drosophilinae|Drosophilini|Drosophilina|Drosophiliti|Drosophila|Sophophora|willistoni group|willistoni subgroup,willistoni subgroup
7234,cellular organisms|Eukaryota|Fungi/Metazoa group|Metazoa|Eumetazoa|Bilateria|Coelomata|Protostomia|Panarthropoda|Arthropoda|Mandibulata|Pancrustacea|Hexapoda|Insecta|Dicondylia|Pterygota|Neoptera|Endopterygota|Diptera|Brachycera|Muscomorpha|Eremoneura|Cyclorrhapha|Schizophora|Acalyptratae|Ephydroidea|Drosophilidae|Drosophilinae|Drosophilini|Drosophilina|Drosophiliti|Drosophila|Sophophora|obscura group|pseudoobscura subgroup,pseudoobscura subgroup
46245,cellular organisms|Eukaryota|Fungi/Metazoa group|Metazoa|Eumetazoa|Bilateria|Coelomata|Protostomia|Panarthropoda|Arthropoda|Mandibulata|Pancrustacea|Hexapoda|Insecta|Dicondylia|Pterygota|Neoptera|Endopterygota|Diptera|Brachycera|Muscomorpha|Eremoneura|Cyclorrhapha|Schizophora|Acalyptratae|Ephydroidea|Drosophilidae|Drosophilinae|Drosophilini|Drosophilina|Drosophiliti|Drosophila|Sophophora|obscura group|pseudoobscura subgroup|Drosophila pseudoobscura,Drosophila pseudoobscura
7217,cellular organisms|Eukaryota|Fungi/Metazoa group|Metazoa|Eumetazoa|Bilateria|Coelomata|Protostomia|Panarthropoda|Arthropoda|Mandibulata|Pancrustacea|Hexapoda|Insecta|Dicondylia|Pterygota|Neoptera|Endopterygota|Diptera|Brachycera|Muscomorpha|Eremoneura|Cyclorrhapha|Schizophora|Acalyptratae|Ephydroidea|Drosophilidae|Drosophilinae|Drosophilini|Drosophilina|Drosophiliti|Drosophila|Sophophora|melanogaster group|ananassae subgroup|ananassae species,ananassae species
7245,cellular organisms|Eukaryota|Fungi/Metazoa group|Metazoa|Eumetazoa|Bilateria|Coelomata|Protostomia|Panarthropoda|Arthropoda|Mandibulata|Pancrustacea|Hexapoda|Insecta|Dicondylia|Pterygota|Neoptera|Endopterygota|Diptera|Brachycera|Muscomorpha|Eremoneura|Cyclorrhapha|Schizophora|Acalyptratae|Ephydroidea|Drosophilidae|Drosophilinae|Drosophilini|Drosophilina|Drosophiliti|Drosophila|Sophophora|melanogaster group|melanogaster subgroup,melanogaster subgroup
7220,cellular organisms|Eukaryota|Fungi/Metazoa group|Metazoa|Eumetazoa|Bilateria|Coelomata|Protostomia|Panarthropoda|Arthropoda|Mandibulata|Pancrustacea|Hexapoda|Insecta|Dicondylia|Pterygota|Neoptera|Endopterygota|Diptera|Brachycera|Muscomorpha|Eremoneura|Cyclorrhapha|Schizophora|Acalyptratae|Ephydroidea|Drosophilidae|Drosophilinae|Drosophilini|Drosophilina|Drosophiliti|Drosophila|Sophophora|melanogaster group|melanogaster subgroup,melanogaster subgroup
7227,cellular organisms|Eukaryota|Fungi/Metazoa group|Metazoa|Eumetazoa|Bilateria|Coelomata|Protostomia|Panarthropoda|Arthropoda|Mandibulata|Pancrustacea|Hexapoda|Insecta|Dicondylia|Pterygota|Neoptera|Endopterygota|Diptera|Brachycera|Muscomorpha|Eremoneura|Cyclorrhapha|Schizophora|Acalyptratae|Ephydroidea|Drosophilidae|Drosophilinae|Drosophilini|Drosophilina|Drosophiliti|Drosophila|Sophophora|melanogaster group|melanogaster subgroup,melanogaster subgroup
7238,cellular organisms|Eukaryota|Fungi/Metazoa group|Metazoa|Eumetazoa|Bilateria|Coelomata|Protostomia|Panarthropoda|Arthropoda|Mandibulata|Pancrustacea|Hexapoda|Insecta|Dicondylia|Pterygota|Neoptera|Endopterygota|Diptera|Brachycera|Muscomorpha|Eremoneura|Cyclorrhapha|Schizophora|Acalyptratae|Ephydroidea|Drosophilidae|Drosophilinae|Drosophilini|Drosophilina|Drosophiliti|Drosophila|Sophophora|melanogaster group|melanogaster subgroup,melanogaster subgroup
7240,cellular organisms|Eukaryota|Fungi/Metazoa group|Metazoa|Eumetazoa|Bilateria|Coelomata|Protostomia|Panarthropoda|Arthropoda|Mandibulata|Pancrustacea|Hexapoda|Insecta|Dicondylia|Pterygota|Neoptera|Endopterygota|Diptera|Brachycera|Muscomorpha|Eremoneura|Cyclorrhapha|Schizophora|Acalyptratae|Ephydroidea|Drosophilidae|Drosophilinae|Drosophilini|Drosophilina|Drosophiliti|Drosophila|Sophophora|melanogaster group|melanogaster subgroup,melanogaster subgroup
51511,cellular organisms|Eukaryota|Fungi/Metazoa group|Metazoa|Eumetazoa|Bilateria|Coelomata|Deuterostomia|Chordata|Tunicata|Ascidiacea|Enterogona|Phlebobranchia|Cionidae|Ciona,Ciona
7719,cellular organisms|Eukaryota|Fungi/Metazoa group|Metazoa|Eumetazoa|Bilateria|Coelomata|Deuterostomia|Chordata|Tunicata|Ascidiacea|Enterogona|Phlebobranchia|Cionidae|Ciona,Ciona
7955,cellular organisms|Eukaryota|Fungi/Metazoa group|Metazoa|Eumetazoa|Bilateria|Coelomata|Deuterostomia|Chordata|Craniata|Vertebrata|Gnathostomata|Teleostomi|Euteleostomi|Actinopterygii|Actinopteri|Neopterygii|Teleostei|Elopocephala|Clupeocephala|Otocephala|Ostariophysi|Otophysi|Cypriniphysi|Cypriniformes|Cyprinoidea|Cyprinidae|Danio,Danio
8090,cellular organisms|Eukaryota|Fungi/Metazoa group|Metazoa|Eumetazoa|Bilateria|Coelomata|Deuterostomia|Chordata|Craniata|Vertebrata|Gnathostomata|Teleostomi|Euteleostomi|Actinopterygii|Actinopteri|Neopterygii|Teleostei|Elopocephala|Clupeocephala|Euteleostei|Neognathi|Neoteleostei|Eurypterygii|Ctenosquamata|Acanthomorpha|Euacanthomorpha|Holacanthopterygii|Acanthopterygii|Euacanthopterygii|Percomorpha|Smegmamorpha|Atherinomorpha|Beloniformes|Adrianichthyoidei|Adrianichthyidae|Oryziinae|Oryzias,Oryzias
69293,cellular organisms|Eukaryota|Fungi/Metazoa group|Metazoa|Eumetazoa|Bilateria|Coelomata|Deuterostomia|Chordata|Craniata|Vertebrata|Gnathostomata|Teleostomi|Euteleostomi|Actinopterygii|Actinopteri|Neopterygii|Teleostei|Elopocephala|Clupeocephala|Euteleostei|Neognathi|Neoteleostei|Eurypterygii|Ctenosquamata|Acanthomorpha|Euacanthomorpha|Holacanthopterygii|Acanthopterygii|Euacanthopterygii|Percomorpha|Smegmamorpha|Gasterosteiformes/Syngnathiformes group|Gasterosteiformes|Gasterosteidae|Gasterosteus,Gasterosteus
99883,cellular organisms|Eukaryota|Fungi/Metazoa group|Metazoa|Eumetazoa|Bilateria|Coelomata|Deuterostomia|Chordata|Craniata|Vertebrata|Gnathostomata|Teleostomi|Euteleostomi|Actinopterygii|Actinopteri|Neopterygii|Teleostei|Elopocephala|Clupeocephala|Euteleostei|Neognathi|Neoteleostei|Eurypterygii|Ctenosquamata|Acanthomorpha|Euacanthomorpha|Holacanthopterygii|Acanthopterygii|Euacanthopterygii|Percomorpha|Tetraodontiformes|Tetraodontoidei|Tetradontoidea|Tetraodontidae|Tetraodon,Tetraodon
31033,cellular organisms|Eukaryota|Fungi/Metazoa group|Metazoa|Eumetazoa|Bilateria|Coelomata|Deuterostomia|Chordata|Craniata|Vertebrata|Gnathostomata|Teleostomi|Euteleostomi|Actinopterygii|Actinopteri|Neopterygii|Teleostei|Elopocephala|Clupeocephala|Euteleostei|Neognathi|Neoteleostei|Eurypterygii|Ctenosquamata|Acanthomorpha|Euacanthomorpha|Holacanthopterygii|Acanthopterygii|Euacanthopterygii|Percomorpha|Tetraodontiformes|Tetraodontoidei|Tetradontoidea|Tetraodontidae|Takifugu,Takifugu
8364,cellular organisms|Eukaryota|Fungi/Metazoa group|Metazoa|Eumetazoa|Bilateria|Coelomata|Deuterostomia|Chordata|Craniata|Vertebrata|Gnathostomata|Teleostomi|Euteleostomi|Sarcopterygii|Tetrapoda|Amphibia|Batrachia|Anura|Mesobatrachia|Pipoidea|Pipidae|Xenopodinae|Xenopus|Silurana,Silurana
28377,cellular organisms|Eukaryota|Fungi/Metazoa group|Metazoa|Eumetazoa|Bilateria|Coelomata|Deuterostomia|Chordata|Craniata|Vertebrata|Gnathostomata|Teleostomi|Euteleostomi|Sarcopterygii|Tetrapoda|Amniota|Sauropsida|Sauria|Lepidosauria|Squamata|Iguania|Iguanidae|Polychrotinae|Anolis,Anolis
9031,cellular organisms|Eukaryota|Fungi/Metazoa group|Metazoa|Eumetazoa|Bilateria|Coelomata|Deuterostomia|Chordata|Craniata|Vertebrata|Gnathostomata|Teleostomi|Euteleostomi|Sarcopterygii|Tetrapoda|Amniota|Sauropsida|Sauria|Archosauria|Dinosauria|Saurischia|Theropoda|Coelurosauria|Aves|Neognathae|Galliformes|Phasianidae|Phasianinae|Gallus,Gallus
59729,cellular organisms|Eukaryota|Fungi/Metazoa group|Metazoa|Eumetazoa|Bilateria|Coelomata|Deuterostomia|Chordata|Craniata|Vertebrata|Gnathostomata|Teleostomi|Euteleostomi|Sarcopterygii|Tetrapoda|Amniota|Sauropsida|Sauria|Archosauria|Dinosauria|Saurischia|Theropoda|Coelurosauria|Aves|Neognathae|Passeriformes|Passeroidea|Estrildidae|Estrildinae|Taeniopygia,Taeniopygia
9258,cellular organisms|Eukaryota|Fungi/Metazoa group|Metazoa|Eumetazoa|Bilateria|Coelomata|Deuterostomia|Chordata|Craniata|Vertebrata|Gnathostomata|Teleostomi|Euteleostomi|Sarcopterygii|Tetrapoda|Amniota|Mammalia|Prototheria|Monotremata|Ornithorhynchidae|Ornithorhynchus,Ornithorhynchus
9315,cellular organisms|Eukaryota|Fungi/Metazoa group|Metazoa|Eumetazoa|Bilateria|Coelomata|Deuterostomia|Chordata|Craniata|Vertebrata|Gnathostomata|Teleostomi|Euteleostomi|Sarcopterygii|Tetrapoda|Amniota|Mammalia|Theria|Metatheria|Diprotodontia|Macropodidae|Macropus,Macropus
13616,cellular organisms|Eukaryota|Fungi/Metazoa group|Metazoa|Eumetazoa|Bilateria|Coelomata|Deuterostomia|Chordata|Craniata|Vertebrata|Gnathostomata|Teleostomi|Euteleostomi|Sarcopterygii|Tetrapoda|Amniota|Mammalia|Theria|Metatheria|Didelphimorphia|Didelphidae|Didelphinae|Monodelphis,Monodelphis
9371,cellular organisms|Eukaryota|Fungi/Metazoa group|Metazoa|Eumetazoa|Bilateria|Coelomata|Deuterostomia|Chordata|Craniata|Vertebrata|Gnathostomata|Teleostomi|Euteleostomi|Sarcopterygii|Tetrapoda|Amniota|Mammalia|Theria|Eutheria|Afrotheria|Tenrecidae|Tenrecinae|Echinops,Echinops
9785,cellular organisms|Eukaryota|Fungi/Metazoa group|Metazoa|Eumetazoa|Bilateria|Coelomata|Deuterostomia|Chordata|Craniata|Vertebrata|Gnathostomata|Teleostomi|Euteleostomi|Sarcopterygii|Tetrapoda|Amniota|Mammalia|Theria|Eutheria|Afrotheria|Proboscidea|Elephantidae|Loxodonta,Loxodonta
9813,cellular organisms|Eukaryota|Fungi/Metazoa group|Metazoa|Eumetazoa|Bilateria|Coelomata|Deuterostomia|Chordata|Craniata|Vertebrata|Gnathostomata|Teleostomi|Euteleostomi|Sarcopterygii|Tetrapoda|Amniota|Mammalia|Theria|Eutheria|Afrotheria|Hyracoidea|Procaviidae|Procavia,Procavia
9361,cellular organisms|Eukaryota|Fungi/Metazoa group|Metazoa|Eumetazoa|Bilateria|Coelomata|Deuterostomia|Chordata|Craniata|Vertebrata|Gnathostomata|Teleostomi|Euteleostomi|Sarcopterygii|Tetrapoda|Amniota|Mammalia|Theria|Eutheria|Xenarthra|Cingulata|Dasypodidae|Dasypus,Dasypus
9358,cellular organisms|Eukaryota|Fungi/Metazoa group|Metazoa|Eumetazoa|Bilateria|Coelomata|Deuterostomia|Chordata|Craniata|Vertebrata|Gnathostomata|Teleostomi|Euteleostomi|Sarcopterygii|Tetrapoda|Amniota|Mammalia|Theria|Eutheria|Xenarthra|Pilosa|Folivora|Megalonychidae|Choloepus,Choloepus
42254,cellular organisms|Eukaryota|Fungi/Metazoa group|Metazoa|Eumetazoa|Bilateria|Coelomata|Deuterostomia|Chordata|Craniata|Vertebrata|Gnathostomata|Teleostomi|Euteleostomi|Sarcopterygii|Tetrapoda|Amniota|Mammalia|Theria|Eutheria|Laurasiatheria|Insectivora|Soricidae|Soricinae|Sorex,Sorex
9365,cellular organisms|Eukaryota|Fungi/Metazoa group|Metazoa|Eumetazoa|Bilateria|Coelomata|Deuterostomia|Chordata|Craniata|Vertebrata|Gnathostomata|Teleostomi|Euteleostomi|Sarcopterygii|Tetrapoda|Amniota|Mammalia|Theria|Eutheria|Laurasiatheria|Insectivora|Erinaceidae|Erinaceinae|Erinaceus,Erinaceus
9615,cellular organisms|Eukaryota|Fungi/Metazoa group|Metazoa|Eumetazoa|Bilateria|Coelomata|Deuterostomia|Chordata|Craniata|Vertebrata|Gnathostomata|Teleostomi|Euteleostomi|Sarcopterygii|Tetrapoda|Amniota|Mammalia|Theria|Eutheria|Laurasiatheria|Carnivora|Caniformia|Canidae|Canis|Canis lupus,Canis lupus
9685,cellular organisms|Eukaryota|Fungi/Metazoa group|Metazoa|Eumetazoa|Bilateria|Coelomata|Deuterostomia|Chordata|Craniata|Vertebrata|Gnathostomata|Teleostomi|Euteleostomi|Sarcopterygii|Tetrapoda|Amniota|Mammalia|Theria|Eutheria|Laurasiatheria|Carnivora|Feliformia|Felidae|Felinae|Felis,Felis
132908,cellular organisms|Eukaryota|Fungi/Metazoa group|Metazoa|Eumetazoa|Bilateria|Coelomata|Deuterostomia|Chordata|Craniata|Vertebrata|Gnathostomata|Teleostomi|Euteleostomi|Sarcopterygii|Tetrapoda|Amniota|Mammalia|Theria|Eutheria|Laurasiatheria|Chiroptera|Megachiroptera|Pteropodidae|Pteropodinae|Pteropus,Pteropus
59463,cellular organisms|Eukaryota|Fungi/Metazoa group|Metazoa|Eumetazoa|Bilateria|Coelomata|Deuterostomia|Chordata|Craniata|Vertebrata|Gnathostomata|Teleostomi|Euteleostomi|Sarcopterygii|Tetrapoda|Amniota|Mammalia|Theria|Eutheria|Laurasiatheria|Chiroptera|Microchiroptera|Vespertilionidae|Myotis,Myotis
9796,cellular organisms|Eukaryota|Fungi/Metazoa group|Metazoa|Eumetazoa|Bilateria|Coelomata|Deuterostomia|Chordata|Craniata|Vertebrata|Gnathostomata|Teleostomi|Euteleostomi|Sarcopterygii|Tetrapoda|Amniota|Mammalia|Theria|Eutheria|Laurasiatheria|Perissodactyla|Equidae|Equus|Equus subg.,Equus subg.
30538,cellular organisms|Eukaryota|Fungi/Metazoa group|Metazoa|Eumetazoa|Bilateria|Coelomata|Deuterostomia|Chordata|Craniata|Vertebrata|Gnathostomata|Teleostomi|Euteleostomi|Sarcopterygii|Tetrapoda|Amniota|Mammalia|Theria|Eutheria|Laurasiatheria|Cetartiodactyla|Tylopoda|Camelidae|Lama,Lama
9823,cellular organisms|Eukaryota|Fungi/Metazoa group|Metazoa|Eumetazoa|Bilateria|Coelomata|Deuterostomia|Chordata|Craniata|Vertebrata|Gnathostomata|Teleostomi|Euteleostomi|Sarcopterygii|Tetrapoda|Amniota|Mammalia|Theria|Eutheria|Laurasiatheria|Cetartiodactyla|Suina|Suidae|Sus,Sus
9913,cellular organisms|Eukaryota|Fungi/Metazoa group|Metazoa|Eumetazoa|Bilateria|Coelomata|Deuterostomia|Chordata|Craniata|Vertebrata|Gnathostomata|Teleostomi|Euteleostomi|Sarcopterygii|Tetrapoda|Amniota|Mammalia|Theria|Eutheria|Laurasiatheria|Cetartiodactyla|Ruminantia|Pecora|Bovidae|Bovinae|Bos,Bos
9739,cellular organisms|Eukaryota|Fungi/Metazoa group|Metazoa|Eumetazoa|Bilateria|Coelomata|Deuterostomia|Chordata|Craniata|Vertebrata|Gnathostomata|Teleostomi|Euteleostomi|Sarcopterygii|Tetrapoda|Amniota|Mammalia|Theria|Eutheria|Laurasiatheria|Cetartiodactyla|Cetacea|Odontoceti|Delphinidae|Tursiops,Tursiops
37347,cellular organisms|Eukaryota|Fungi/Metazoa group|Metazoa|Eumetazoa|Bilateria|Coelomata|Deuterostomia|Chordata|Craniata|Vertebrata|Gnathostomata|Teleostomi|Euteleostomi|Sarcopterygii|Tetrapoda|Amniota|Mammalia|Theria|Eutheria|Euarchontoglires|Scandentia|Tupaiidae|Tupaia,Tupaia
9986,cellular organisms|Eukaryota|Fungi/Metazoa group|Metazoa|Eumetazoa|Bilateria|Coelomata|Deuterostomia|Chordata|Craniata|Vertebrata|Gnathostomata|Teleostomi|Euteleostomi|Sarcopterygii|Tetrapoda|Amniota|Mammalia|Theria|Eutheria|Euarchontoglires|Glires|Lagomorpha|Leporidae|Oryctolagus,Oryctolagus
9978,cellular organisms|Eukaryota|Fungi/Metazoa group|Metazoa|Eumetazoa|Bilateria|Coelomata|Deuterostomia|Chordata|Craniata|Vertebrata|Gnathostomata|Teleostomi|Euteleostomi|Sarcopterygii|Tetrapoda|Amniota|Mammalia|Theria|Eutheria|Euarchontoglires|Glires|Lagomorpha|Ochotonidae|Ochotona,Ochotona
43179,cellular organisms|Eukaryota|Fungi/Metazoa group|Metazoa|Eumetazoa|Bilateria|Coelomata|Deuterostomia|Chordata|Craniata|Vertebrata|Gnathostomata|Teleostomi|Euteleostomi|Sarcopterygii|Tetrapoda|Amniota|Mammalia|Theria|Eutheria|Euarchontoglires|Glires|Rodentia|Sciurognathi|Sciuridae|Xerinae|Marmotini|Spermophilus,Spermophilus
10141,cellular organisms|Eukaryota|Fungi/Metazoa group|Metazoa|Eumetazoa|Bilateria|Coelomata|Deuterostomia|Chordata|Craniata|Vertebrata|Gnathostomata|Teleostomi|Euteleostomi|Sarcopterygii|Tetrapoda|Amniota|Mammalia|Theria|Eutheria|Euarchontoglires|Glires|Rodentia|Hystricognathi|Caviidae|Cavia,Cavia
10020,cellular organisms|Eukaryota|Fungi/Metazoa group|Metazoa|Eumetazoa|Bilateria|Coelomata|Deuterostomia|Chordata|Craniata|Vertebrata|Gnathostomata|Teleostomi|Euteleostomi|Sarcopterygii|Tetrapoda|Amniota|Mammalia|Theria|Eutheria|Euarchontoglires|Glires|Rodentia|Sciurognathi|Heteromyidae|Dipodomyinae|Dipodomys,Dipodomys
10090,cellular organisms|Eukaryota|Fungi/Metazoa group|Metazoa|Eumetazoa|Bilateria|Coelomata|Deuterostomia|Chordata|Craniata|Vertebrata|Gnathostomata|Teleostomi|Euteleostomi|Sarcopterygii|Tetrapoda|Amniota|Mammalia|Theria|Eutheria|Euarchontoglires|Glires|Rodentia|Sciurognathi|Muroidea|Muridae|Murinae|Mus|Mus,Mus
10116,cellular organisms|Eukaryota|Fungi/Metazoa group|Metazoa|Eumetazoa|Bilateria|Coelomata|Deuterostomia|Chordata|Craniata|Vertebrata|Gnathostomata|Teleostomi|Euteleostomi|Sarcopterygii|Tetrapoda|Amniota|Mammalia|Theria|Eutheria|Euarchontoglires|Glires|Rodentia|Sciurognathi|Muroidea|Muridae|Murinae|Rattus,Rattus
30611,cellular organisms|Eukaryota|Fungi/Metazoa group|Metazoa|Eumetazoa|Bilateria|Coelomata|Deuterostomia|Chordata|Craniata|Vertebrata|Gnathostomata|Teleostomi|Euteleostomi|Sarcopterygii|Tetrapoda|Amniota|Mammalia|Theria|Eutheria|Euarchontoglires|Primates|Strepsirrhini|Lorisiformes|Galagidae|Otolemur,Otolemur
30608,cellular organisms|Eukaryota|Fungi/Metazoa group|Metazoa|Eumetazoa|Bilateria|Coelomata|Deuterostomia|Chordata|Craniata|Vertebrata|Gnathostomata|Teleostomi|Euteleostomi|Sarcopterygii|Tetrapoda|Amniota|Mammalia|Theria|Eutheria|Euarchontoglires|Primates|Strepsirrhini|Lemuriformes|Cheirogaleidae|Microcebus,Microcebus
9478,cellular organisms|Eukaryota|Fungi/Metazoa group|Metazoa|Eumetazoa|Bilateria|Coelomata|Deuterostomia|Chordata|Craniata|Vertebrata|Gnathostomata|Teleostomi|Euteleostomi|Sarcopterygii|Tetrapoda|Amniota|Mammalia|Theria|Eutheria|Euarchontoglires|Primates|Haplorrhini|Tarsiiformes|Tarsiidae|Tarsius,Tarsius
9483,cellular organisms|Eukaryota|Fungi/Metazoa group|Metazoa|Eumetazoa|Bilateria|Coelomata|Deuterostomia|Chordata|Craniata|Vertebrata|Gnathostomata|Teleostomi|Euteleostomi|Sarcopterygii|Tetrapoda|Amniota|Mammalia|Theria|Eutheria|Euarchontoglires|Primates|Haplorrhini|Simiiformes|Platyrrhini|Cebidae|Callitrichinae|Callithrix,Callithrix
9544,cellular organisms|Eukaryota|Fungi/Metazoa group|Metazoa|Eumetazoa|Bilateria|Coelomata|Deuterostomia|Chordata|Craniata|Vertebrata|Gnathostomata|Teleostomi|Euteleostomi|Sarcopterygii|Tetrapoda|Amniota|Mammalia|Theria|Eutheria|Euarchontoglires|Primates|Haplorrhini|Simiiformes|Catarrhini|Cercopithecoidea|Cercopithecidae|Cercopithecinae|Macaca,Macaca
9600,cellular organisms|Eukaryota|Fungi/Metazoa group|Metazoa|Eumetazoa|Bilateria|Coelomata|Deuterostomia|Chordata|Craniata|Vertebrata|Gnathostomata|Teleostomi|Euteleostomi|Sarcopterygii|Tetrapoda|Amniota|Mammalia|Theria|Eutheria|Euarchontoglires|Primates|Haplorrhini|Simiiformes|Catarrhini|Hominoidea|Hominidae|Ponginae|Pongo,Pongo
9593,cellular organisms|Eukaryota|Fungi/Metazoa group|Metazoa|Eumetazoa|Bilateria|Coelomata|Deuterostomia|Chordata|Craniata|Vertebrata|Gnathostomata|Teleostomi|Euteleostomi|Sarcopterygii|Tetrapoda|Amniota|Mammalia|Theria|Eutheria|Euarchontoglires|Primates|Haplorrhini|Simiiformes|Catarrhini|Hominoidea|Hominidae|Homininae|Gorilla,Gorilla
9606,cellular organisms|Eukaryota|Fungi/Metazoa group|Metazoa|Eumetazoa|Bilateria|Coelomata|Deuterostomia|Chordata|Craniata|Vertebrata|Gnathostomata|Teleostomi|Euteleostomi|Sarcopterygii|Tetrapoda|Amniota|Mammalia|Theria|Eutheria|Euarchontoglires|Primates|Haplorrhini|Simiiformes|Catarrhini|Hominoidea|Hominidae|Homininae|Homo,Homo
9598,cellular organisms|Eukaryota|Fungi/Metazoa group|Metazoa|Eumetazoa|Bilateria|Coelomata|Deuterostomia|Chordata|Craniata|Vertebrata|Gnathostomata|Teleostomi|Euteleostomi|Sarcopterygii|Tetrapoda|Amniota|Mammalia|Theria|Eutheria|Euarchontoglires|Primates|Haplorrhini|Simiiformes|Catarrhini|Hominoidea|Hominidae|Homininae|Pan,Pan
278021,cellular organisms|Eukaryota|Fungi/Metazoa group|Fungi|Microsporidia|Microsporidia incertae|Antonospora,Antonospora
481877,cellular organisms|Eukaryota|Fungi/Metazoa group|Fungi|Microsporidia|Apansporoblastina|Enterocytozoonidae|Enterocytozoon|Enterocytozoon bieneusi,Enterocytozoon bieneusi
284813,cellular organisms|Eukaryota|Fungi/Metazoa group|Fungi|Microsporidia|Apansporoblastina|Unikaryonidae|Encephalitozoon|Encephalitozoon cuniculi,Encephalitozoon cuniculi
578460,cellular organisms|Eukaryota|Fungi/Metazoa group|Fungi|Microsporidia|Apansporoblastina|Nosematidae|Nosema|Nosema ceranae,Nosema ceranae
109760,cellular organisms|Eukaryota|Fungi/Metazoa group|Fungi|Chytridiomycota|Chytridiomycetes|Spizellomycetales|Spizellomycetaceae|Spizellomyces,Spizellomyces
109871,cellular organisms|Eukaryota|Fungi/Metazoa group|Fungi|Chytridiomycota|Chytridiomycetes|Chytridiales|Chytridiales incertae|Batrachochytrium,Batrachochytrium
4837,cellular organisms|Eukaryota|Fungi/Metazoa group|Fungi|Fungi incertae|Basal fungal|Mucoromycotina|Mucorales|Mucoraceae|Phycomyces,Phycomyces
64495,cellular organisms|Eukaryota|Fungi/Metazoa group|Fungi|Fungi incertae|Basal fungal|Mucoromycotina|Mucorales|Mucoraceae|Rhizopus,Rhizopus
36080,cellular organisms|Eukaryota|Fungi/Metazoa group|Fungi|Fungi incertae|Basal fungal|Mucoromycotina|Mucorales|Mucoraceae|Mucor,Mucor
76773,cellular organisms|Eukaryota|Fungi/Metazoa group|Fungi|Dikarya|Basidiomycota|Ustilaginomycotina|Exobasidiomycetes|Malasseziales|Malasseziaceae|Malassezia,Malassezia
237631,cellular organisms|Eukaryota|Fungi/Metazoa group|Fungi|Dikarya|Basidiomycota|Ustilaginomycotina|Ustilaginomycetes|Ustilaginales|Ustilaginaceae|Ustilago|Ustilago maydis,Ustilago maydis
40563,cellular organisms|Eukaryota|Fungi/Metazoa group|Fungi|Dikarya|Basidiomycota|Pucciniomycotina|Microbotryomycetes|Sporidiobolales|mitosporic Sporidiobolales|Sporobolomyces,Sporobolomyces
203908,cellular organisms|Eukaryota|Fungi/Metazoa group|Fungi|Dikarya|Basidiomycota|Pucciniomycotina|Pucciniomycetes|Pucciniales|Melampsoraceae|Melampsora,Melampsora
5297,cellular organisms|Eukaryota|Fungi/Metazoa group|Fungi|Dikarya|Basidiomycota|Pucciniomycotina|Pucciniomycetes|Pucciniales|Pucciniaceae|Puccinia,Puccinia
214684,cellular organisms|Eukaryota|Fungi/Metazoa group|Fungi|Dikarya|Basidiomycota|Agaricomycotina|Tremellomycetes|Tremellales|Tremellaceae|Filobasidiella|Filobasidiella/Cryptococcus neoformans|Cryptococcus neoformans|Cryptococcus neoformans,Cryptococcus neoformans
5217,cellular organisms|Eukaryota|Fungi/Metazoa group|Fungi|Dikarya|Basidiomycota|Agaricomycotina|Tremellomycetes|Tremellales|Tremellaceae|Tremella,Tremella
13563,cellular organisms|Eukaryota|Fungi/Metazoa group|Fungi|Dikarya|Basidiomycota|Agaricomycotina|Agaricomycetes|Agaricomycetes incertae|Russulales|Bondarzewiaceae|Heterobasidion|Heterobasidion annosum,Heterobasidion annosum
5306,cellular organisms|Eukaryota|Fungi/Metazoa group|Fungi|Dikarya|Basidiomycota|Agaricomycotina|Agaricomycetes|Agaricomycetes incertae|Corticiales|Corticiaceae|Phanerochaete,Phanerochaete
104341,cellular organisms|Eukaryota|Fungi/Metazoa group|Fungi|Dikarya|Basidiomycota|Agaricomycotina|Agaricomycetes|Agaricomycetes incertae|Polyporales|Coriolaceae|Postia,Postia
5334,cellular organisms|Eukaryota|Fungi/Metazoa group|Fungi|Dikarya|Basidiomycota|Agaricomycotina|Agaricomycetes|Agaricomycetidae|Agaricales|Schizophyllaceae|Schizophyllum,Schizophyllum
5322,cellular organisms|Eukaryota|Fungi/Metazoa group|Fungi|Dikarya|Basidiomycota|Agaricomycotina|Agaricomycetes|Agaricomycetidae|Agaricales|Pleurotaceae|Pleurotus,Pleurotus
29883,cellular organisms|Eukaryota|Fungi/Metazoa group|Fungi|Dikarya|Basidiomycota|Agaricomycotina|Agaricomycetes|Agaricomycetidae|Agaricales|Tricholomataceae|Laccaria,Laccaria
5346,cellular organisms|Eukaryota|Fungi/Metazoa group|Fungi|Dikarya|Basidiomycota|Agaricomycotina|Agaricomycetes|Agaricomycetidae|Agaricales|Psathyrellaceae|Coprinopsis,Coprinopsis
402676,cellular organisms|Eukaryota|Fungi/Metazoa group|Fungi|Dikarya|Ascomycota|Taphrinomycotina|Schizosaccharomycetes|Schizosaccharomycetales|Schizosaccharomycetaceae|Schizosaccharomyces|Schizosaccharomyces japonicus,Schizosaccharomyces japonicus
284812,cellular organisms|Eukaryota|Fungi/Metazoa group|Fungi|Dikarya|Ascomycota|Taphrinomycotina|Schizosaccharomycetes|Schizosaccharomycetales|Schizosaccharomycetaceae|Schizosaccharomyces|Schizosaccharomyces pombe,Schizosaccharomyces pombe
483514,cellular organisms|Eukaryota|Fungi/Metazoa group|Fungi|Dikarya|Ascomycota|Taphrinomycotina|Schizosaccharomycetes|Schizosaccharomycetales|Schizosaccharomycetaceae|Schizosaccharomyces|Schizosaccharomyces octosporus,Schizosaccharomyces octosporus
284591,cellular organisms|Eukaryota|Fungi/Metazoa group|Fungi|Dikarya|Ascomycota|saccharomyceta|Saccharomycotina|Saccharomycetes|Saccharomycetales|Dipodascaceae|Yarrowia|Yarrowia lipolytica,Yarrowia lipolytica
4922,cellular organisms|Eukaryota|Fungi/Metazoa group|Fungi|Dikarya|Ascomycota|saccharomyceta|Saccharomycotina|Saccharomycetes|Saccharomycetales|Saccharomycetaceae|Pichia,Pichia
36911,cellular organisms|Eukaryota|Fungi/Metazoa group|Fungi|Dikarya|Ascomycota|saccharomyceta|Saccharomycotina|Saccharomycetes|Saccharomycetales|Metschnikowiaceae|Clavispora,Clavispora
284592,cellular organisms|Eukaryota|Fungi/Metazoa group|Fungi|Dikarya|Ascomycota|saccharomyceta|Saccharomycotina|Saccharomycetes|Saccharomycetales|Debaryomycetaceae|Debaryomyces|Debaryomyces hansenii|Debaryomyces hansenii,Debaryomyces hansenii
294746,cellular organisms|Eukaryota|Fungi/Metazoa group|Fungi|Dikarya|Ascomycota|saccharomyceta|Saccharomycotina|Saccharomycetes|Saccharomycetales|Debaryomycetaceae|Meyerozyma|Meyerozyma guilliermondii,Meyerozyma guilliermondii
322104,cellular organisms|Eukaryota|Fungi/Metazoa group|Fungi|Dikarya|Ascomycota|saccharomyceta|Saccharomycotina|Saccharomycetes|Saccharomycetales|Debaryomycetaceae|Scheffersomyces|Scheffersomyces stipitis,Scheffersomyces stipitis
379508,cellular organisms|Eukaryota|Fungi/Metazoa group|Fungi|Dikarya|Ascomycota|saccharomyceta|Saccharomycotina|Saccharomycetes|Saccharomycetales|Debaryomycetaceae|Lodderomyces|Lodderomyces elongisporus,Lodderomyces elongisporus
5480,cellular organisms|Eukaryota|Fungi/Metazoa group|Fungi|Dikarya|Ascomycota|saccharomyceta|Saccharomycotina|Saccharomycetes|Saccharomycetales|mitosporic Saccharomycetales|Candida,Candida
5482,cellular organisms|Eukaryota|Fungi/Metazoa group|Fungi|Dikarya|Ascomycota|saccharomyceta|Saccharomycotina|Saccharomycetes|Saccharomycetales|mitosporic Saccharomycetales|Candida,Candida
237561,cellular organisms|Eukaryota|Fungi/Metazoa group|Fungi|Dikarya|Ascomycota|saccharomyceta|Saccharomycotina|Saccharomycetes|Saccharomycetales|mitosporic Saccharomycetales|Candida|Candida albicans,Candida albicans
573826,cellular organisms|Eukaryota|Fungi/Metazoa group|Fungi|Dikarya|Ascomycota|saccharomyceta|Saccharomycotina|Saccharomycetes|Saccharomycetales|mitosporic Saccharomycetales|Candida|Candida dubliniensis,Candida dubliniensis
284590,cellular organisms|Eukaryota|Fungi/Metazoa group|Fungi|Dikarya|Ascomycota|saccharomyceta|Saccharomycotina|Saccharomycetes|Saccharomycetales|Saccharomycetaceae|Kluyveromyces|Kluyveromyces lactis,Kluyveromyces lactis
284811,cellular organisms|Eukaryota|Fungi/Metazoa group|Fungi|Dikarya|Ascomycota|saccharomyceta|Saccharomycotina|Saccharomycetes|Saccharomycetales|Saccharomycetaceae|Eremothecium|Eremothecium gossypii,Eremothecium gossypii
4934,cellular organisms|Eukaryota|Fungi/Metazoa group|Fungi|Dikarya|Ascomycota|saccharomyceta|Saccharomycotina|Saccharomycetes|Saccharomycetales|Saccharomycetaceae|Lachancea,Lachancea
381046,cellular organisms|Eukaryota|Fungi/Metazoa group|Fungi|Dikarya|Ascomycota|saccharomyceta|Saccharomycotina|Saccharomycetes|Saccharomycetales|Saccharomycetaceae|Lachancea,Lachancea
4914,cellular organisms|Eukaryota|Fungi/Metazoa group|Fungi|Dikarya|Ascomycota|saccharomyceta|Saccharomycotina|Saccharomycetes|Saccharomycetales|Saccharomycetaceae|Lachancea,Lachancea
4956,cellular organisms|Eukaryota|Fungi/Metazoa group|Fungi|Dikarya|Ascomycota|saccharomyceta|Saccharomycotina|Saccharomycetes|Saccharomycetales|Saccharomycetaceae|Zygosaccharomyces,Zygosaccharomyces
436907,cellular organisms|Eukaryota|Fungi/Metazoa group|Fungi|Dikarya|Ascomycota|saccharomyceta|Saccharomycotina|Saccharomycetes|Saccharomycetales|Saccharomycetaceae|Vanderwaltozyma|Vanderwaltozyma polyspora,Vanderwaltozyma polyspora
27288,cellular organisms|Eukaryota|Fungi/Metazoa group|Fungi|Dikarya|Ascomycota|saccharomyceta|Saccharomycotina|Saccharomycetes|Saccharomycetales|Saccharomycetaceae|Naumovia,Naumovia
284593,cellular organisms|Eukaryota|Fungi/Metazoa group|Fungi|Dikarya|Ascomycota|saccharomyceta|Saccharomycotina|Saccharomycetes|Saccharomycetales|Saccharomycetaceae|Nakaseomyces|mitosporic Nakaseomyces|Candida glabrata,Candida glabrata
4931,cellular organisms|Eukaryota|Fungi/Metazoa group|Fungi|Dikarya|Ascomycota|saccharomyceta|Saccharomycotina|Saccharomycetes|Saccharomycetales|Saccharomycetaceae|Saccharomyces,Saccharomyces
114524,cellular organisms|Eukaryota|Fungi/Metazoa group|Fungi|Dikarya|Ascomycota|saccharomyceta|Saccharomycotina|Saccharomycetes|Saccharomycetales|Saccharomycetaceae|Saccharomyces,Saccharomyces
114525,cellular organisms|Eukaryota|Fungi/Metazoa group|Fungi|Dikarya|Ascomycota|saccharomyceta|Saccharomycotina|Saccharomycetes|Saccharomycetales|Saccharomycetaceae|Saccharomyces,Saccharomyces
27291,cellular organisms|Eukaryota|Fungi/Metazoa group|Fungi|Dikarya|Ascomycota|saccharomyceta|Saccharomycotina|Saccharomycetes|Saccharomycetales|Saccharomycetaceae|Saccharomyces,Saccharomyces
559292,cellular organisms|Eukaryota|Fungi/Metazoa group|Fungi|Dikarya|Ascomycota|saccharomyceta|Saccharomycotina|Saccharomycetes|Saccharomycetales|Saccharomycetaceae|Saccharomyces|Saccharomyces cerevisiae,Saccharomyces cerevisiae
332648,cellular organisms|Eukaryota|Fungi/Metazoa group|Fungi|Dikarya|Ascomycota|saccharomyceta|Pezizomycotina|leotiomyceta|sordariomyceta|Leotiomycetes|Helotiales|Sclerotiniaceae|Botryotinia|Botryotinia fuckeliana,Botryotinia fuckeliana
325569,cellular organisms|Eukaryota|Fungi/Metazoa group|Fungi|Dikarya|Ascomycota|saccharomyceta|Pezizomycotina|leotiomyceta|sordariomyceta|Leotiomycetes|Helotiales|Sclerotiniaceae|Sclerotinia|Sclerotinia sclerotiorum,Sclerotinia sclerotiorum
242507,cellular organisms|Eukaryota|Fungi/Metazoa group|Fungi|Dikarya|Ascomycota|saccharomyceta|Pezizomycotina|leotiomyceta|sordariomyceta|Sordariomycetes|Sordariomycetidae|Magnaporthales|Magnaporthaceae|Magnaporthe|Magnaporthe oryzae,Magnaporthe oryzae
5116,cellular organisms|Eukaryota|Fungi/Metazoa group|Fungi|Dikarya|Ascomycota|saccharomyceta|Pezizomycotina|leotiomyceta|sordariomyceta|Sordariomycetes|Sordariomycetidae|Diaporthales|Cryphonectriaceae|Cryphonectria-Endothia complex|Cryphonectria,Cryphonectria
29879,cellular organisms|Eukaryota|Fungi/Metazoa group|Fungi|Dikarya|Ascomycota|saccharomyceta|Pezizomycotina|leotiomyceta|sordariomyceta|Sordariomycetes|Sordariomycetidae|Sordariales|Sordariaceae|Neurospora,Neurospora
40127,cellular organisms|Eukaryota|Fungi/Metazoa group|Fungi|Dikarya|Ascomycota|saccharomyceta|Pezizomycotina|leotiomyceta|sordariomyceta|Sordariomycetes|Sordariomycetidae|Sordariales|Sordariaceae|Neurospora,Neurospora
367110,cellular organisms|Eukaryota|Fungi/Metazoa group|Fungi|Dikarya|Ascomycota|saccharomyceta|Pezizomycotina|leotiomyceta|sordariomyceta|Sordariomycetes|Sordariomycetidae|Sordariales|Sordariaceae|Neurospora|Neurospora crassa,Neurospora crassa
5145,cellular organisms|Eukaryota|Fungi/Metazoa group|Fungi|Dikarya|Ascomycota|saccharomyceta|Pezizomycotina|leotiomyceta|sordariomyceta|Sordariomycetes|Sordariomycetidae|Sordariales|Lasiosphaeriaceae|Podospora,Podospora
573728,cellular organisms|Eukaryota|Fungi/Metazoa group|Fungi|Dikarya|Ascomycota|saccharomyceta|Pezizomycotina|leotiomyceta|sordariomyceta|Sordariomycetes|Sordariomycetidae|Sordariales|Chaetomiaceae|Thielavia|Thielavia heterothallica,Thielavia heterothallica
306901,cellular organisms|Eukaryota|Fungi/Metazoa group|Fungi|Dikarya|Ascomycota|saccharomyceta|Pezizomycotina|leotiomyceta|sordariomyceta|Sordariomycetes|Sordariomycetidae|Sordariales|Chaetomiaceae|Chaetomium|Chaetomium globosum,Chaetomium globosum
27335,cellular organisms|Eukaryota|Fungi/Metazoa group|Fungi|Dikarya|Ascomycota|saccharomyceta|Pezizomycotina|leotiomyceta|sordariomyceta|Sordariomycetes|Sordariomycetes incertae|Phyllachorales|mitosporic Phyllachorales|Verticillium,Verticillium
498257,cellular organisms|Eukaryota|Fungi/Metazoa group|Fungi|Dikarya|Ascomycota|saccharomyceta|Pezizomycotina|leotiomyceta|sordariomyceta|Sordariomycetes|Sordariomycetes incertae|Phyllachorales|mitosporic Phyllachorales|Verticillium|Verticillium dahliae,Verticillium dahliae
63577,cellular organisms|Eukaryota|Fungi/Metazoa group|Fungi|Dikarya|Ascomycota|saccharomyceta|Pezizomycotina|leotiomyceta|sordariomyceta|Sordariomycetes|Hypocreomycetidae|Hypocreales|Hypocreaceae|mitosporic Hypocreaceae|Trichoderma,Trichoderma
51453,cellular organisms|Eukaryota|Fungi/Metazoa group|Fungi|Dikarya|Ascomycota|saccharomyceta|Pezizomycotina|leotiomyceta|sordariomyceta|Sordariomycetes|Hypocreomycetidae|Hypocreales|Hypocreaceae|Hypocrea,Hypocrea
29875,cellular organisms|Eukaryota|Fungi/Metazoa group|Fungi|Dikarya|Ascomycota|saccharomyceta|Pezizomycotina|leotiomyceta|sordariomyceta|Sordariomycetes|Hypocreomycetidae|Hypocreales|Hypocreaceae|Hypocrea,Hypocrea
140110,cellular organisms|Eukaryota|Fungi/Metazoa group|Fungi|Dikarya|Ascomycota|saccharomyceta|Pezizomycotina|leotiomyceta|sordariomyceta|Sordariomycetes|Hypocreomycetidae|Hypocreales|Nectriaceae|Nectria|Nectria haematococca,Nectria haematococca
5518,cellular organisms|Eukaryota|Fungi/Metazoa group|Fungi|Dikarya|Ascomycota|saccharomyceta|Pezizomycotina|leotiomyceta|sordariomyceta|Sordariomycetes|Hypocreomycetidae|Hypocreales|Nectriaceae|Gibberella,Gibberella
5507,cellular organisms|Eukaryota|Fungi/Metazoa group|Fungi|Dikarya|Ascomycota|saccharomyceta|Pezizomycotina|leotiomyceta|sordariomyceta|Sordariomycetes|Hypocreomycetidae|Hypocreales|mitosporic Hypocreales|Fusarium|Fusarium oxysporum,Fusarium oxysporum
117187,cellular organisms|Eukaryota|Fungi/Metazoa group|Fungi|Dikarya|Ascomycota|saccharomyceta|Pezizomycotina|leotiomyceta|sordariomyceta|Sordariomycetes|Hypocreomycetidae|Hypocreales|Nectriaceae|Gibberella,Gibberella
54734,cellular organisms|Eukaryota|Fungi/Metazoa group|Fungi|Dikarya|Ascomycota|saccharomyceta|Pezizomycotina|leotiomyceta|dothideomyceta|Dothideomycetes|Dothideomycetidae|Capnodiales|Mycosphaerellaceae|Mycosphaerella,Mycosphaerella
83344,cellular organisms|Eukaryota|Fungi/Metazoa group|Fungi|Dikarya|Ascomycota|saccharomyceta|Pezizomycotina|leotiomyceta|dothideomyceta|Dothideomycetes|Dothideomycetidae|Capnodiales|Mycosphaerellaceae|Mycosphaerella,Mycosphaerella
321614,cellular organisms|Eukaryota|Fungi/Metazoa group|Fungi|Dikarya|Ascomycota|saccharomyceta|Pezizomycotina|leotiomyceta|dothideomyceta|Dothideomycetes|Pleosporomycetidae|Pleosporales|Pleosporineae|Phaeosphaeriaceae|Phaeosphaeria|Phaeosphaeria nodorum,Phaeosphaeria nodorum
5016,cellular organisms|Eukaryota|Fungi/Metazoa group|Fungi|Dikarya|Ascomycota|saccharomyceta|Pezizomycotina|leotiomyceta|dothideomyceta|Dothideomycetes|Pleosporomycetidae|Pleosporales|Pleosporineae|Pleosporaceae|Cochliobolus,Cochliobolus
29001,cellular organisms|Eukaryota|Fungi/Metazoa group|Fungi|Dikarya|Ascomycota|saccharomyceta|Pezizomycotina|leotiomyceta|dothideomyceta|Dothideomycetes|Pleosporomycetidae|Pleosporales|Pleosporineae|Pleosporaceae|mitosporic Pleosporaceae|Alternaria,Alternaria
45151,cellular organisms|Eukaryota|Fungi/Metazoa group|Fungi|Dikarya|Ascomycota|saccharomyceta|Pezizomycotina|leotiomyceta|dothideomyceta|Dothideomycetes|Pleosporomycetidae|Pleosporales|Pleosporineae|Pleosporaceae|Pyrenophora,Pyrenophora
502780,cellular organisms|Eukaryota|Fungi/Metazoa group|Fungi|Dikarya|Ascomycota|saccharomyceta|Pezizomycotina|leotiomyceta|Eurotiomycetes|Eurotiomycetidae|Onygenales|mitosporic Onygenales|Paracoccidioides|Paracoccidioides brasiliensis,Paracoccidioides brasiliensis
559297,cellular organisms|Eukaryota|Fungi/Metazoa group|Fungi|Dikarya|Ascomycota|saccharomyceta|Pezizomycotina|leotiomyceta|Eurotiomycetes|Eurotiomycetidae|Onygenales|Ajellomycetaceae|Ajellomyces|Ajellomyces dermatitidis,Ajellomyces dermatitidis
339724,cellular organisms|Eukaryota|Fungi/Metazoa group|Fungi|Dikarya|Ascomycota|saccharomyceta|Pezizomycotina|leotiomyceta|Eurotiomycetes|Eurotiomycetidae|Onygenales|Ajellomycetaceae|Ajellomyces|Ajellomyces capsulatus,Ajellomyces capsulatus
554155,cellular organisms|Eukaryota|Fungi/Metazoa group|Fungi|Dikarya|Ascomycota|saccharomyceta|Pezizomycotina|leotiomyceta|Eurotiomycetes|Eurotiomycetidae|Onygenales|Arthrodermataceae|Arthroderma|Arthroderma otae,Arthroderma otae
489714,cellular organisms|Eukaryota|Fungi/Metazoa group|Fungi|Dikarya|Ascomycota|saccharomyceta|Pezizomycotina|leotiomyceta|Eurotiomycetes|Eurotiomycetidae|Onygenales|Arthrodermataceae|Arthroderma|Arthroderma gypseum,Arthroderma gypseum
63418,cellular organisms|Eukaryota|Fungi/Metazoa group|Fungi|Dikarya|Ascomycota|saccharomyceta|Pezizomycotina|leotiomyceta|Eurotiomycetes|Eurotiomycetidae|Onygenales|Arthrodermataceae|mitosporic Arthrodermataceae|Trichophyton,Trichophyton
33188,cellular organisms|Eukaryota|Fungi/Metazoa group|Fungi|Dikarya|Ascomycota|saccharomyceta|Pezizomycotina|leotiomyceta|Eurotiomycetes|Eurotiomycetidae|Onygenales|Onygenaceae|Uncinocarpus,Uncinocarpus
246410,cellular organisms|Eukaryota|Fungi/Metazoa group|Fungi|Dikarya|Ascomycota|saccharomyceta|Pezizomycotina|leotiomyceta|Eurotiomycetes|Eurotiomycetidae|Onygenales|mitosporic Onygenales|Coccidioides|Coccidioides immitis,Coccidioides immitis
454284,cellular organisms|Eukaryota|Fungi/Metazoa group|Fungi|Dikarya|Ascomycota|saccharomyceta|Pezizomycotina|leotiomyceta|Eurotiomycetes|Eurotiomycetidae|Onygenales|mitosporic Onygenales|Coccidioides|Coccidioides posadasii,Coccidioides posadasii
500485,cellular organisms|Eukaryota|Fungi/Metazoa group|Fungi|Dikarya|Ascomycota|saccharomyceta|Pezizomycotina|leotiomyceta|Eurotiomycetes|Eurotiomycetidae|Eurotiales|Trichocomaceae|mitosporic Trichocomaceae|Penicillium|Penicillium chrysogenum|Penicillium chrysogenum,Penicillium chrysogenum
344612,cellular organisms|Eukaryota|Fungi/Metazoa group|Fungi|Dikarya|Ascomycota|saccharomyceta|Pezizomycotina|leotiomyceta|Eurotiomycetes|Eurotiomycetidae|Eurotiales|Trichocomaceae|mitosporic Trichocomaceae|Aspergillus|Aspergillus clavatus,Aspergillus clavatus
451804,cellular organisms|Eukaryota|Fungi/Metazoa group|Fungi|Dikarya|Ascomycota|saccharomyceta|Pezizomycotina|leotiomyceta|Eurotiomycetes|Eurotiomycetidae|Eurotiales|Trichocomaceae|Neosartorya|Aspergillus fumigatus,Aspergillus fumigatus
331117,cellular organisms|Eukaryota|Fungi/Metazoa group|Fungi|Dikarya|Ascomycota|saccharomyceta|Pezizomycotina|leotiomyceta|Eurotiomycetes|Eurotiomycetidae|Eurotiales|Trichocomaceae|Neosartorya|Neosartorya fischeri|Neosartorya fischeri,Neosartorya fischeri
425011,cellular organisms|Eukaryota|Fungi/Metazoa group|Fungi|Dikarya|Ascomycota|saccharomyceta|Pezizomycotina|leotiomyceta|Eurotiomycetes|Eurotiomycetidae|Eurotiales|Trichocomaceae|mitosporic Trichocomaceae|Aspergillus|Aspergillus niger,Aspergillus niger
227321,cellular organisms|Eukaryota|Fungi/Metazoa group|Fungi|Dikarya|Ascomycota|saccharomyceta|Pezizomycotina|leotiomyceta|Eurotiomycetes|Eurotiomycetidae|Eurotiales|Trichocomaceae|Emericella|Emericella nidulans|mitosporic Emericella,mitosporic Emericella
341663,cellular organisms|Eukaryota|Fungi/Metazoa group|Fungi|Dikarya|Ascomycota|saccharomyceta|Pezizomycotina|leotiomyceta|Eurotiomycetes|Eurotiomycetidae|Eurotiales|Trichocomaceae|mitosporic Trichocomaceae|Aspergillus|Aspergillus terreus,Aspergillus terreus
5062,cellular organisms|Eukaryota|Fungi/Metazoa group|Fungi|Dikarya|Ascomycota|saccharomyceta|Pezizomycotina|leotiomyceta|Eurotiomycetes|Eurotiomycetidae|Eurotiales|Trichocomaceae|mitosporic Trichocomaceae|Aspergillus,Aspergillus
5059,cellular organisms|Eukaryota|Fungi/Metazoa group|Fungi|Dikarya|Ascomycota|saccharomyceta|Pezizomycotina|leotiomyceta|Eurotiomycetes|Eurotiomycetidae|Eurotiales|Trichocomaceae|mitosporic Trichocomaceae|Aspergillus,Aspergillus
